date,event name,event description
5/6/5,Summer Solstice Hackathon,A 48-hour coding challenge to build autonomous AI agents.
12/10/12,Quantum Computing Workshop,An introductory workshop on quantum algorithms and their applications.
18/3/18,Agentic Systems Meetup,Monthly meetup discussing advances in multi-agent coordination frameworks.
25/8/25,Antigravity v1.0 Launch,Official launch of the Antigravity platform with full agent orchestration.
7/1/7,Neural Interface Symposium,Conference exploring brain-computer interfaces and distributed intelligence.
14/11/14,Distributed Ledger Summit,Summit covering decentralized identity and trustless coordination protocols.
22/6/22,Autonomous Vehicles Panel,Expert panel on the intersection of autonomous navigation and agentic decision-making.
3/9/3,Edge Computing Forum,Forum on deploying and managing agent swarms at the network edge.
9/4/9,Machine Ethics Roundtable,Roundtable discussion on value alignment and ethical constraints for autonomous agents.
28/2/28,Crypto‑Agents Expo,Exhibition showcasing agent‑driven DeFi strategies and smart contract automation.
16/7/16,Swarm Intelligence Bootcamp,Hands‑on bootcamp on emergent behavior and decentralised problem‑solving.
30/12/30,Year‑End Review & Roadmap,Review of the year's milestones and preview of next‑generation agent frameworks.